{
  "category_encoded": {
    "count": 84816.0,
    "mean": 2.361052159969817,
    "std": 2.742175203140627,
    "min": 0.0,
    "25%": 0.0,
    "50%": 1.0,
    "75%": 4.0,
    "max": 9.0
  },
  "amount": {
    "count": 84816.0,
    "mean": 416.18843803056023,
    "std": 1433.6799592201983,
    "min": 0.01,
    "25%": 26.6875,
    "50%": 60.41,
    "75%": 94.0,
    "max": 29968.32
  },
  "age_at_transaction": {
    "count": 84816.0,
    "mean": 62.107286225790375,
    "std": 23.74124130260692,
    "min": 17.76044631532217,
    "25%": 45.988529244355654,
    "50%": 61.70963505200406,
    "75%": 85.03977264871892,
    "max": 100.72808466514459
  },
  "days_until_card_expires": {
    "count": 84816.0,
    "mean": 934.7530205123769,
    "std": 576.7322251893982,
    "min": -111.62795138888889,
    "25%": 434.0891261574074,
    "50%": 948.3065335648148,
    "75%": 1440.3579282407409,
    "max": 1945.7606018518518
  },
  "loc_delta": {
    "count": 84816.0,
    "mean": 0.27269072460283095,
    "std": 0.214212039121366,
    "min": 0.0,
    "25%": 0.10437466589657649,
    "50%": 0.23297348671726842,
    "75%": 0.4250745889049904,
    "max": 2.6151711178597274
  },
  "trans_volume_mavg": {
    "count": 84816.0,
    "mean": 417.75141444149074,
    "std": 1383.0242637565877,
    "min": 0.01,
    "25%": 29.22,
    "50%": 61.16,
    "75%": 96.13,
    "max": 29968.32
  },
  "trans_volume_mstd": {
    "count": 84816.0,
    "mean": 73.46126715487974,
    "std": 550.7084617899977,
    "min": 0.0,
    "25%": 0.0,
    "50%": 0.0,
    "75%": 0.0,
    "max": 21147.76777406542
  },
  "trans_freq": {
    "count": 84816.0,
    "mean": 1.1449254857574043,
    "std": 0.40538984869318867,
    "min": 1.0,
    "25%": 1.0,
    "50%": 1.0,
    "75%": 1.0,
    "max": 11.0
  },
  "loc_delta_mavg": {
    "count": 84816.0,
    "mean": 0.27113696786824715,
    "std": 0.2082321859899383,
    "min": 0.0,
    "25%": 0.11115175926671826,
    "50%": 0.2354103877964475,
    "75%": 0.41472285291003824,
    "max": 2.4271430790257322
  }
}